{"_step":1875,"train_loss":0.20382344722747803,"train_accuracy":0.9375,"_timestamp":1.7364180284854345e+09,"_wandb":{"runtime":65},"_runtime":64.9792263}