{"train_accuracy":0.90625,"_wandb":{"runtime":104},"_timestamp":1.7364179184276383e+09,"_runtime":104.5767842,"_step":2418,"train_loss":0.2201647162437439}