{"_timestamp":1.7364182168938906e+09,"_wandb":{"runtime":5},"_runtime":5.7947201,"_step":0,"train_loss":2.305405378341675,"train_accuracy":0.09375}